{
    "experiment_info": {
        "name": "gru_pemfc_paper_experiment_fixed_r2_rul",
        "start_time": "2025-12-12 05:33:46",
        "device": "cuda"
    },
    "model_config": {
        "gru_hidden_size": 256,
        "gru_num_layers": 2,
        "dropout_rate": 0.2,
        "bidirectional": false,
        "sequence_length": 80,
        "batch_size": 32,
        "learning_rate": 0.0006
    },
    "training_results": {
        "best_epoch": 11,
        "best_val_loss": 0.029637036774273286,
        "training_time": "1712.2 秒"
    },
    "test_metrics": {
        "MAE": 0.004228,
        "RMSE": 0.005469,
        "MAPE": 0.131057,
        "R2": 0.376268
    },
    "rul_metrics": {
        "MAE_RUL": 655.19,
        "MAPE_RUL": 99.39,
        "PHM_Score": 7.729815667141786e+21
    },
    "rul_details": {
        "true_rul": 659.2253649868051,
        "pred_rul": 1314.4172005807613,
        "true_V_initial": 3.2228091207703593,
        "pred_V_initial": 3.222809120794788
    }
}