MAE,RMSE,MAPE,R2,dataset
0.003389,0.004518,0.10507,0.574405,FC1
0.017246,0.023133,0.538253,0.696007,FC2
0.01708,0.022486,0.532336,0.712767,FC2_bias_adj
