MAE,RMSE,MAPE,R2,raw_MAE,raw_RMSE,raw_MAPE,raw_R2
0.003389,0.004518,0.10507,0.574405,0.009079,0.010152,0.281552,-1.148863
