MAE,RMSE,MAPE,R2,raw_MAE,raw_RMSE,raw_MAPE,raw_R2
0.004228,0.005469,0.131057,0.376268,0.012977,0.014323,0.402274,-3.277309
