MAE,RMSE,MAPE,R2,dataset
0.004228,0.005469,0.131057,0.376268,FC1
0.019275,0.024784,0.599547,0.651061,FC2
0.018075,0.022376,0.561861,0.715585,FC2_bias_adj
